{"mean": [0.20449060986093917, 0.20395103526620578, 0.19655530443187635, 0.26928125703824546, 0.5945525291828794, 48.20589143019242, 1.003779076280413, 0.2456885066538857], "scale": [0.16459677941633827, 0.16507852725237163, 0.15665640859907207, 0.20833789498345884, 0.49097843050905493, 23.68881084407755, 0.33372436468342825, 0.21383724706904808], "coef": [0.617442786693573, -0.04330722987651825, 0.06623061746358871, -0.3011617958545685, 0.14406324923038483, 0.4648202061653137, 0.22662322223186493, 0.6245903372764587], "intercept": -0.36550799012184143, "features": ["nov_prev", "nov_next", "nov_win", "bass_nov", "bass_changed", "onset_density", "onset_ratio", "treble_nov"]}