{
 "n_inv_te": [
  131.0,
  260.0,
  196.0,
  129.0,
  152.0
 ],
 "n_rp_te": [
  1161.0,
  1499.0,
  1326.0,
  1488.0,
  1452.0
 ],
 "root_acc_inv": [
  0.3511450381679389,
  0.19230769230769232,
  0.23979591836734693,
  0.4108527131782946,
  0.18421052631578946
 ],
 "root_acc_rootpos": [
  0.7364341085271318,
  0.6511007338225484,
  0.6772247360482655,
  0.6774193548387096,
  0.709366391184573
 ],
 "err_on_bass": [
  0.5058823529411764,
  0.6,
  0.6241610738255033,
  0.4868421052631579,
  0.782258064516129
 ],
 "pool_inv_rec": [
  0.3893129770992366,
  0.3153846153846154,
  0.4897959183673469,
  0.2868217054263566,
  0.2565789473684211
 ],
 "pool_inv_pre": [
  0.1356382978723404,
  0.15213358070500926,
  0.16382252559726962,
  0.09893048128342247,
  0.07400379506641366
 ],
 "pool_bass_acc": [
  0.6335877862595419,
  0.6307692307692307,
  0.7397959183673469,
  0.6046511627906976,
  0.6973684210526315
 ],
 "tmp_inv_rec": [
  0.3053435114503817,
  0.3076923076923077,
  0.3010204081632653,
  0.12403100775193798,
  0.2631578947368421
 ],
 "tmp_inv_pre": [
  0.12539184952978055,
  0.16597510373443983,
  0.11568627450980393,
  0.07111111111111111,
  0.08316008316008316
 ],
 "tmp_bass_acc": [
  0.5267175572519084,
  0.4846153846153846,
  0.673469387755102,
  0.4263565891472868,
  0.24342105263157895
 ],
 "tmp_bass_eq_root": [
  0.04580152671755725,
  0.11923076923076924,
  0.03571428571428571,
  0.17829457364341086,
  0.07236842105263158
 ],
 "base_root_all": [
  0.6973684210526315,
  0.5832859579306424,
  0.6208935611038108,
  0.6561533704390847,
  0.6596009975062345
 ],
 "tmp_gate_inv": [
  0.37404580152671757,
  0.21923076923076923,
  0.2755102040816326,
  0.4108527131782946,
  0.13815789473684212
 ],
 "tmp_gate_rp": [
  0.6761412575366064,
  0.5890593729152769,
  0.5942684766214178,
  0.6418010752688172,
  0.6425619834710744
 ],
 "tmp_gate_all": [
  0.6455108359133127,
  0.5343945423536101,
  0.5532194480946123,
  0.6233766233766234,
  0.5947630922693267
 ],
 "tmp_fire": [
  137.0,
  205.0,
  202.0,
  88.0,
  170.0
 ],
 "tmp_fire_inv": [
  12.0,
  35.0,
  26.0,
  3.0,
  21.0
 ],
 "tmp_gate_inv_oracle": [
  0.40458015267175573,
  0.3076923076923077,
  0.3877551020408163,
  0.4108527131782946,
  0.21710526315789475
 ],
 "pool_gate_inv": [
  0.4122137404580153,
  0.25384615384615383,
  0.32142857142857145,
  0.40310077519379844,
  0.15789473684210525
 ],
 "pool_gate_rp": [
  0.5857019810508183,
  0.5330220146764509,
  0.5015082956259427,
  0.5719086021505376,
  0.5365013774104683
 ],
 "pool_gate_all": [
  0.5681114551083591,
  0.4917566799317794,
  0.4783180026281209,
  0.5584415584415584,
  0.5006234413965087
 ]
}