{
 "n_inv_te": [
  131.0
 ],
 "n_rp_te": [
  1161.0
 ],
 "root_acc_inv": [
  0.3282442748091603
 ],
 "root_acc_rootpos": [
  0.7381567614125754
 ],
 "err_on_bass": [
  0.5340909090909091
 ],
 "pool_inv_rec": [
  0.4198473282442748
 ],
 "pool_inv_pre": [
  0.13126491646778043
 ],
 "pool_bass_acc": [
  0.6793893129770993
 ],
 "tmp_inv_rec": [
  0.3511450381679389
 ],
 "tmp_inv_pre": [
  0.11734693877551021
 ],
 "tmp_bass_acc": [
  0.6183206106870229
 ],
 "tmp_bass_eq_root": [
  0.030534351145038167
 ],
 "base_root_all": [
  0.6965944272445821
 ],
 "tmp_gate_inv": [
  0.4122137404580153
 ],
 "tmp_gate_rp": [
  0.6356589147286822
 ],
 "tmp_gate_all": [
  0.6130030959752322
 ],
 "tmp_fire": [
  188.0
 ],
 "tmp_fire_inv": [
  20.0
 ],
 "tmp_gate_inv_oracle": [
  0.4961832061068702
 ],
 "pool_gate_inv": [
  0.4198473282442748
 ],
 "pool_gate_rp": [
  0.5934539190353144
 ],
 "pool_gate_all": [
  0.5758513931888545
 ]
}