{
 "n_inv_te": [
  131.0,
  260.0,
  196.0,
  129.0,
  152.0
 ],
 "n_rp_te": [
  1161.0,
  1499.0,
  1326.0,
  1488.0,
  1452.0
 ],
 "root_acc_inv": [
  0.3511450381679389,
  0.17307692307692307,
  0.22959183673469388,
  0.3875968992248062,
  0.17763157894736842
 ],
 "root_acc_rootpos": [
  0.7321274763135228,
  0.6457638425617078,
  0.6817496229260935,
  0.6794354838709677,
  0.709366391184573
 ],
 "err_on_bass": [
  0.49411764705882355,
  0.6093023255813953,
  0.6225165562913907,
  0.5569620253164557,
  0.784
 ],
 "pool_inv_rec": [
  0.3969465648854962,
  0.26153846153846155,
  0.4030612244897959,
  0.32558139534883723,
  0.29605263157894735
 ],
 "pool_inv_pre": [
  0.12293144208037825,
  0.14078674948240166,
  0.1400709219858156,
  0.11666666666666667,
  0.0847457627118644
 ],
 "pool_bass_acc": [
  0.7022900763358778,
  0.6653846153846154,
  0.7142857142857143,
  0.6201550387596899,
  0.7039473684210527
 ],
 "tmp_inv_rec": [
  0.366412213740458,
  0.3576923076923077,
  0.46938775510204084,
  0.2558139534883721,
  0.40131578947368424
 ],
 "tmp_inv_pre": [
  0.13994169096209913,
  0.1953781512605042,
  0.22384428223844283,
  0.10610932475884244,
  0.11172161172161173
 ],
 "tmp_bass_acc": [
  0.6106870229007634,
  0.5115384615384615,
  0.6632653061224489,
  0.5503875968992248,
  0.5526315789473685
 ],
 "tmp_bass_eq_root": [
  0.015267175572519083,
  0.08461538461538462,
  0.04081632653061224,
  0.15503875968992248,
  0.125
 ],
 "base_root_all": [
  0.6934984520123839,
  0.5758953951108584,
  0.6235216819973719,
  0.6561533704390847,
  0.6589775561097256
 ],
 "tmp_gate_inv": [
  0.4351145038167939,
  0.19615384615384615,
  0.3520408163265306,
  0.3488372093023256,
  0.16447368421052633
 ],
 "tmp_gate_rp": [
  0.6365202411714039,
  0.5830553702468312,
  0.5957767722473605,
  0.6209677419354839,
  0.6184573002754821
 ],
 "tmp_gate_all": [
  0.6160990712074303,
  0.5258669698692439,
  0.5643889618922471,
  0.5992578849721707,
  0.5754364089775561
 ],
 "tmp_fire": [
  191.0,
  204.0,
  235.0,
  143.0,
  232.0
 ],
 "tmp_fire_inv": [
  22.0,
  40.0,
  59.0,
  18.0,
  32.0
 ],
 "tmp_gate_inv_oracle": [
  0.4580152671755725,
  0.29615384615384616,
  0.4030612244897959,
  0.4806201550387597,
  0.3092105263157895
 ],
 "pool_gate_inv": [
  0.3969465648854962,
  0.22692307692307692,
  0.23979591836734693,
  0.37209302325581395,
  0.21710526315789475
 ],
 "pool_gate_rp": [
  0.5693367786391043,
  0.5310206804536357,
  0.5015082956259427,
  0.5779569892473119,
  0.5495867768595041
 ],
 "pool_gate_all": [
  0.5518575851393189,
  0.4860716316088687,
  0.46780551905387646,
  0.5615337043908473,
  0.5180798004987531
 ]
}