{
  "chroma_only": {
    "acc": 0.8860309068727125,
    "recall": [
      0.8680641183723797,
      0.8633975481611208,
      0.8837638376383764,
      0.9238095238095239,
      0.906934306569343,
      0.8773087071240105,
      0.884,
      0.8621022179363549,
      0.9160063391442155,
      0.893984962406015,
      0.8235294117647058,
      0.921832884097035
    ],
    "precision": [
      0.8767123287671232,
      0.8649122807017544,
      0.920268972142171,
      0.8508771929824561,
      0.8882931188561215,
      0.8796296296296297,
      0.8549323017408124,
      0.8860257680872151,
      0.8626865671641791,
      0.9444003177124702,
      0.8664495114006515,
      0.8614609571788413
    ],
    "min_recall": 0.8235294117647058,
    "mean_recall": 0.8853944880852568,
    "pass85": false
  },
  "context": {
    "acc": 0.8960959739731599,
    "recall": [
      0.8853267570900123,
      0.8458844133099825,
      0.9215867158671587,
      0.9253968253968254,
      0.9032846715328468,
      0.8825857519788918,
      0.902,
      0.8736740597878495,
      0.9096671949286846,
      0.9015037593984963,
      0.8498452012383901,
      0.9339622641509434
    ],
    "precision": [
      0.8842364532019704,
      0.8158783783783784,
      0.9310344827586207,
      0.8955453149001537,
      0.9090909090909091,
      0.9139344262295082,
      0.8321033210332104,
      0.8961424332344213,
      0.8776758409785933,
      0.9426100628930818,
      0.8742038216560509,
      0.8884615384615384
    ],
    "min_recall": 0.8458844133099825,
    "mean_recall": 0.8945598012233402,
    "pass85": false
  },
  "quality_breakdown": {
    "maj": {
      "n": 6131,
      "acc": 0.9065405317240255
    },
    "min": {
      "n": 2420,
      "acc": 0.8818181818181818
    },
    "dom": {
      "n": 1243,
      "acc": 0.8769106999195495
    },
    "hdim": {
      "n": 5,
      "acc": 0.4
    },
    "dim": {
      "n": 37,
      "acc": 0.8108108108108109
    }
  }
}