{
  "acoustic": {
    "acc": 0.7571152494729445,
    "balacc": 0.7428910450889232,
    "recall": {
      "maj": 0.7520564042303173,
      "min": 0.8240469208211144,
      "dom": 0.6651376146788991,
      "hdim": 0.6875,
      "dim": 0.7857142857142857
    }
  },
  "ablation": {
    "prev-bigram|0.5": {
      "acc": 0.8229971890372453,
      "balacc": 0.7206459235981412,
      "recall": {
        "maj": 0.860295077686382,
        "min": 0.867197318810222,
        "dom": 0.5275229357798165,
        "hdim": 0.5625,
        "dim": 0.7857142857142857
      }
    },
    "prev-bigram|1.0": {
      "acc": 0.8471539002108222,
      "balacc": 0.5470697102254547,
      "recall": {
        "maj": 0.936545240893067,
        "min": 0.8588186007540847,
        "dom": 0.3149847094801223,
        "hdim": 0.125,
        "dim": 0.5
      }
    },
    "prev-bigram|2.0": {
      "acc": 0.8235242445537596,
      "balacc": 0.36900656432676454,
      "recall": {
        "maj": 0.9775427601514558,
        "min": 0.7838290741516548,
        "dom": 0.012232415902140673,
        "hdim": 0.0,
        "dim": 0.07142857142857142
      }
    },
    "next-bigram|0.5": {
      "acc": 0.8189564300773015,
      "balacc": 0.6971943695454961,
      "recall": {
        "maj": 0.8514166340253296,
        "min": 0.8692919983242564,
        "dom": 0.5420489296636085,
        "hdim": 0.4375,
        "dim": 0.7857142857142857
      }
    },
    "next-bigram|1.0": {
      "acc": 0.8431131412508784,
      "balacc": 0.5686020236609233,
      "recall": {
        "maj": 0.918135526831179,
        "min": 0.8688730624214496,
        "dom": 0.36850152905198774,
        "hdim": 0.1875,
        "dim": 0.5
      }
    },
    "next-bigram|2.0": {
      "acc": 0.82475404075896,
      "balacc": 0.3765530684608879,
      "recall": {
        "maj": 0.9721895808852331,
        "min": 0.7825722664432342,
        "dom": 0.05657492354740061,
        "hdim": 0.0,
        "dim": 0.07142857142857142
      }
    },
    "trigram|0.5": {
      "acc": 0.8249297259311315,
      "balacc": 0.7364960779583706,
      "recall": {
        "maj": 0.8587282935109022,
        "min": 0.8755760368663594,
        "dom": 0.5374617737003058,
        "hdim": 0.625,
        "dim": 0.7857142857142857
      }
    },
    "trigram|1.0": {
      "acc": 0.8433766690091357,
      "balacc": 0.6234945483752051,
      "recall": {
        "maj": 0.9193106149627889,
        "min": 0.8638458315877671,
        "dom": 0.37003058103975534,
        "hdim": 0.25,
        "dim": 0.7142857142857143
      }
    },
    "trigram|2.0": {
      "acc": 0.8327477160927618,
      "balacc": 0.46385443353722494,
      "recall": {
        "maj": 0.9644862253557905,
        "min": 0.8005865102639296,
        "dom": 0.1345565749235474,
        "hdim": 0.0625,
        "dim": 0.35714285714285715
      }
    }
  },
  "best": {
    "balacc": 0.7428910450889232,
    "name": "acoustic-only",
    "lam": 0.0
  },
  "premise_frac_dom_pred": 0.2339248067463106
}