{
  "percentile_sweep": {
    "50": {
      "mean_V_F": 0.40286376206259866,
      "std_V_F": 0.016356884568733406,
      "mean_degenerate_rate": 0.41353383458646614
    },
    "60": {
      "mean_V_F": 0.44323876193196055,
      "std_V_F": 0.015469916737359651,
      "mean_degenerate_rate": 0.3303258145363409
    },
    "70": {
      "mean_V_F": 0.5137293443844962,
      "std_V_F": 0.014700332426426556,
      "mean_degenerate_rate": 0.16190476190476188
    },
    "75": {
      "mean_V_F": 0.5376009346675422,
      "std_V_F": 0.01462158537126881,
      "mean_degenerate_rate": 0.11478696741854635
    },
    "80": {
      "mean_V_F": 0.5633384811829433,
      "std_V_F": 0.014569984444080699,
      "mean_degenerate_rate": 0.07719298245614034
    },
    "85": {
      "mean_V_F": 0.5815518528565771,
      "std_V_F": 0.013961749381303876,
      "mean_degenerate_rate": 0.0556390977443609
    },
    "88": {
      "mean_V_F": 0.5888670075662412,
      "std_V_F": 0.011380932615221466,
      "mean_degenerate_rate": 0.04661654135338346
    },
    "90": {
      "mean_V_F": 0.5956509373059626,
      "std_V_F": 0.011017161665821654,
      "mean_degenerate_rate": 0.04411027568922306
    },
    "92": {
      "mean_V_F": 0.5970360485935609,
      "std_V_F": 0.011268940674425111,
      "mean_degenerate_rate": 0.04360902255639097
    },
    "94": {
      "mean_V_F": 0.6006059816514704,
      "std_V_F": 0.012558065658429854,
      "mean_degenerate_rate": 0.042105263157894736
    },
    "96": {
      "mean_V_F": 0.6022336462351909,
      "std_V_F": 0.012539658556180859,
      "mean_degenerate_rate": 0.04160401002506266
    },
    "98": {
      "mean_V_F": 0.6026717233794955,
      "std_V_F": 0.012032422457764876,
      "mean_degenerate_rate": 0.04160401002506266
    }
  },
  "best_percentile": "98",
  "reference_fixed_tau": {
    "vmeasure_optimal_078": 0.682,
    "followup2_best_fixed_target_fpr_010": 0.6851,
    "low_fp_0973": 0.638
  }
}