{
  "seeds": 5,
  "n_test": 12954,
  "n_inv": 1582,
  "results": {
    "untrained_argmax": [
      0.8155781997838506,
      0.7534766118836915,
      0.8242173760112557
    ],
    "trained_full24": [
      0.8418249189439555,
      0.6972187104930467,
      0.8619416109743229
    ],
    "trained_bass12": [
      0.825382121352478,
      0.7395701643489254,
      0.8373197326767499
    ],
    "trained_full24+argmax": [
      0.8320209973753281,
      0.7098609355246523,
      0.849015124868097
    ]
  }
}