{
  "summary": {
    "renorm": {
      "mlp": {
        "all": [
          0.8723668750188681,
          0.014036060207395298
        ],
        "rp": [
          0.908706515658955,
          0.013927803085223893
        ],
        "inv": [
          0.6083120228291017,
          0.045943071728424066
        ]
      },
      "cnn": {
        "all": [
          0.5786057376762368,
          0.02327795321610984
        ],
        "rp": [
          0.5870837142531102,
          0.02763543988216402
        ],
        "inv": [
          0.5128890910478826,
          0.05668992016619594
        ]
      },
      "lstm": {
        "all": [
          0.5036923195361606,
          0.02390815709845125
        ],
        "rp": [
          0.5093704523826906,
          0.02226646400122011
        ],
        "inv": [
          0.46253241161799413,
          0.053066257129890354
        ]
      },
      "rnn": {
        "all": [
          0.42830381321113675,
          0.04347137958986112
        ],
        "rp": [
          0.42825143513080827,
          0.05400900980295374
        ],
        "inv": [
          0.43037453821161636,
          0.04642347047296319
        ]
      }
    }
  },
  "seeds": 6,
  "corpus": "rwc_bp48_fixed.npz"
}