{
  "summary": {
    "n_inv_te": [
      266.0,
      0.0
    ],
    "n_rp_te": [
      2202.0,
      0.0
    ],
    "root_acc_all": [
      0.6600486223662885,
      0.0
    ],
    "root_acc_rootpos": [
      0.6966394187102634,
      0.0
    ],
    "root_acc_inv": [
      0.35714285714285715,
      0.0
    ],
    "raw_bass_acc_all": [
      0.7256888168557536,
      0.0
    ],
    "raw_bass_acc_rootpos": [
      0.7443233424159855,
      0.0
    ],
    "raw_bass_acc_inv": [
      0.5714285714285714,
      0.0
    ],
    "rr_bass_acc_all": [
      0.7054294975688817,
      0.0
    ],
    "rr_bass_acc_rootpos": [
      0.706630336058129,
      0.0
    ],
    "rr_bass_acc_inv": [
      0.6954887218045113,
      0.0
    ],
    "rr_rel_acc_inv": [
      0.6954887218045113,
      0.0
    ],
    "s1_root_all_b0.25": [
      0.6268233387358185,
      0.0
    ],
    "s1_root_rp_b0.25": [
      0.6544050862851952,
      0.0
    ],
    "s1_root_inv_b0.25": [
      0.39849624060150374,
      0.0
    ],
    "s1_root_all_b0.5": [
      0.5668557536466775,
      0.0
    ],
    "s1_root_rp_b0.5": [
      0.584014532243415,
      0.0
    ],
    "s1_root_inv_b0.5": [
      0.424812030075188,
      0.0
    ],
    "s1_root_all_b1.0": [
      0.17828200972447325,
      0.0
    ],
    "s1_root_rp_b1.0": [
      0.1444141689373297,
      0.0
    ],
    "s1_root_inv_b1.0": [
      0.45864661654135336,
      0.0
    ],
    "s2_root_all": [
      0.6876012965964343,
      0.0
    ],
    "s2_root_rp": [
      0.7438692098092643,
      0.0
    ],
    "s2_root_inv": [
      0.22180451127819548,
      0.0
    ]
  },
  "runs": [
    {
      "n_inv_te": 266,
      "n_rp_te": 2202,
      "root_acc_all": 0.6600486223662885,
      "root_acc_rootpos": 0.6966394187102634,
      "root_acc_inv": 0.35714285714285715,
      "raw_bass_acc_all": 0.7256888168557536,
      "raw_bass_acc_rootpos": 0.7443233424159855,
      "raw_bass_acc_inv": 0.5714285714285714,
      "rr_bass_acc_all": 0.7054294975688817,
      "rr_bass_acc_rootpos": 0.706630336058129,
      "rr_bass_acc_inv": 0.6954887218045113,
      "rr_rel_acc_inv": 0.6954887218045113,
      "s1_root_all_b0.25": 0.6268233387358185,
      "s1_root_rp_b0.25": 0.6544050862851952,
      "s1_root_inv_b0.25": 0.39849624060150374,
      "s1_root_all_b0.5": 0.5668557536466775,
      "s1_root_rp_b0.5": 0.584014532243415,
      "s1_root_inv_b0.5": 0.424812030075188,
      "s1_root_all_b1.0": 0.17828200972447325,
      "s1_root_rp_b1.0": 0.1444141689373297,
      "s1_root_inv_b1.0": 0.45864661654135336,
      "s2_root_all": 0.6876012965964343,
      "s2_root_rp": 0.7438692098092643,
      "s2_root_inv": 0.22180451127819548
    }
  ],
  "corpus": "rwc_bp48_fixed.npz",
  "seeds": 1
}