{
  "seeds": 5,
  "n": 12954,
  "n_inv": 1582,
  "oracle_all_noPy": 0.8786475220009263,
  "oracle_all_Py": 0.9012171458811078,
  "results": {
    "argmax (untrained)": [
      0.8155781997838506,
      0.7534766118836915,
      0.8242173760112557,
      12954
    ],
    "head full24": [
      0.8399722093561834,
      0.6991150442477876,
      0.8595673584241997,
      12954
    ],
    "head bass12": [
      0.8264628686120117,
      0.7376738305941846,
      0.8388146324305311,
      12954
    ],
    "STACK B (head+argmax, 100-song)": [
      0.8343368843600433,
      0.7262958280657396,
      0.8493668659866338,
      12954
    ],
    "STACK A (+pYIN, pYIN rows)": [
      0.7971423531487035,
      0.7282608695652174,
      0.8032251871760415,
      5669
    ],
    "argmax (pYIN rows)": [
      0.7757982007408714,
      0.7434782608695653,
      0.7786523325014398,
      5669
    ],
    "pYIN raw (pYIN rows)": [
      0.7511024872111484,
      0.6956521739130435,
      0.7559992320982915,
      5669
    ]
  }
}