{
  "summary": {
    "renorm": {
      "mlp": {
        "all": [
          0.6179092382495948,
          0.0
        ],
        "rp": [
          0.6108083560399636,
          0.0
        ],
        "inv": [
          0.6766917293233082,
          0.0
        ]
      },
      "cnn": {
        "all": [
          0.3804700162074554,
          0.0
        ],
        "rp": [
          0.36648501362397823,
          0.0
        ],
        "inv": [
          0.49624060150375937,
          0.0
        ]
      },
      "lstm": {
        "all": [
          0.24473257698541329,
          0.0
        ],
        "rp": [
          0.2452316076294278,
          0.0
        ],
        "inv": [
          0.24060150375939848,
          0.0
        ]
      },
      "rnn": {
        "all": [
          0.18760129659643435,
          0.0
        ],
        "rp": [
          0.18165304268846502,
          0.0
        ],
        "inv": [
          0.23684210526315788,
          0.0
        ]
      }
    }
  },
  "seeds": 1,
  "corpus": "rwc_bp48_fixed.npz"
}