{
  "summary": {
    "n_te": [
      2590.8,
      102.16339853391722
    ],
    "n_lc": [
      648.0,
      25.60468707092512
    ],
    "n_inv": [
      316.4,
      81.40663363633212
    ],
    "s0_all": [
      0.6799969680307226,
      0.014523956310428281
    ],
    "s0_lc": [
      0.43656398551103737,
      0.031443858537131886
    ],
    "s0_inv": [
      0.5490252327963867,
      0.04060651184526979
    ],
    "s1_all_l0.25": [
      0.6822735619887801,
      0.014107541271433738
    ],
    "s1_lc_l0.25": [
      0.4456665715695506,
      0.030532123911948067
    ],
    "s1_inv_l0.25": [
      0.54827448755991,
      0.04202435452548171
    ],
    "s1_all_l0.5": [
      0.683032212870871,
      0.015202848887502651
    ],
    "s1_lc_l0.5": [
      0.4490182089525135,
      0.03519682246529256
    ],
    "s1_inv_l0.5": [
      0.5389047565826302,
      0.04837771233529652
    ],
    "s1_all_l1.0": [
      0.684281627376138,
      0.015005736483374853
    ],
    "s1_lc_l1.0": [
      0.4540049278671412,
      0.03401287163926382
    ],
    "s1_inv_l1.0": [
      0.5347572750750148,
      0.04799741714823288
    ],
    "s2_all_g0.25": [
      0.6824607747976656,
      0.017373111392091238
    ],
    "s2_lc_g0.25": [
      0.4470694332695941,
      0.04013482482882219
    ],
    "s2_inv_g0.25": [
      0.5426464303666,
      0.04690046112287143
    ],
    "s2_all_g0.5": [
      0.6814623199114695,
      0.018390715699450652
    ],
    "s2_lc_g0.5": [
      0.4508972320132205,
      0.04572891729059561
    ],
    "s2_inv_g0.5": [
      0.5281082189157335,
      0.04909851147331541
    ],
    "s2_all_g1.0": [
      0.6624244705413871,
      0.015492172534221853
    ],
    "s2_lc_g1.0": [
      0.4322867149518451,
      0.043408800523181065
    ],
    "s2_inv_g1.0": [
      0.5089162630825877,
      0.04945595650611613
    ],
    "s2_all_g1.5": [
      0.6303537376714059,
      0.00912189574402777
    ],
    "s2_lc_g1.5": [
      0.40297721027239997,
      0.03168164441316502
    ],
    "s2_inv_g1.5": [
      0.47476065096139486,
      0.03214534725509971
    ]
  },
  "runs": [
    {
      "n_te": 2468,
      "n_lc": 617,
      "n_inv": 266,
      "s0_all": 0.679902755267423,
      "s0_lc": 0.406807131280389,
      "s0_inv": 0.5300751879699248,
      "s1_all_l0.25": 0.6819286871961102,
      "s1_lc_l0.25": 0.41491085899513774,
      "s1_inv_l0.25": 0.5300751879699248,
      "s1_all_l0.5": 0.6819286871961102,
      "s1_lc_l0.5": 0.41491085899513774,
      "s1_inv_l0.5": 0.5150375939849624,
      "s1_all_l1.0": 0.686385737439222,
      "s1_lc_l1.0": 0.42949756888168555,
      "s1_inv_l1.0": 0.5112781954887218,
      "s2_all_g0.25": 0.6847649918962723,
      "s2_lc_g0.25": 0.4246353322528363,
      "s2_inv_g0.25": 0.5225563909774437,
      "s2_all_g0.5": 0.6823338735818476,
      "s2_lc_g0.5": 0.42625607779578606,
      "s2_inv_g0.5": 0.48872180451127817,
      "s2_all_g1.0": 0.6612641815235009,
      "s2_lc_g1.0": 0.40842787682333875,
      "s2_inv_g1.0": 0.46616541353383456,
      "s2_all_g1.5": 0.6268233387358185,
      "s2_lc_g1.5": 0.37439222042139386,
      "s2_inv_g1.5": 0.45112781954887216
    },
    {
      "n_te": 2739,
      "n_lc": 685,
      "n_inv": 463,
      "s0_all": 0.6998904709748083,
      "s0_lc": 0.4846715328467153,
      "s0_inv": 0.6241900647948164,
      "s1_all_l0.25": 0.7031763417305587,
      "s1_lc_l0.25": 0.4978102189781022,
      "s1_inv_l0.25": 0.6285097192224622,
      "s1_all_l0.5": 0.705732018985031,
      "s1_lc_l0.5": 0.5080291970802919,
      "s1_inv_l0.5": 0.6328293736501079,
      "s1_all_l1.0": 0.7068273092369478,
      "s1_lc_l1.0": 0.5138686131386861,
      "s1_inv_l1.0": 0.6285097192224622,
      "s2_all_g0.25": 0.7068273092369478,
      "s2_lc_g0.25": 0.5109489051094891,
      "s2_inv_g0.25": 0.6349892008639308,
      "s2_all_g0.5": 0.7097480832420592,
      "s2_lc_g0.5": 0.5284671532846715,
      "s2_inv_g0.5": 0.6241900647948164,
      "s2_all_g1.0": 0.6900328587075575,
      "s2_lc_g1.0": 0.5080291970802919,
      "s2_inv_g1.0": 0.6004319654427646,
      "s2_all_g1.5": 0.6433004746257758,
      "s2_lc_g1.5": 0.45255474452554745,
      "s2_inv_g1.5": 0.5010799136069114
    },
    {
      "n_te": 2559,
      "n_lc": 640,
      "n_inv": 221,
      "s0_all": 0.677999218444705,
      "s0_lc": 0.43125,
      "s0_inv": 0.502262443438914,
      "s1_all_l0.25": 0.6807346619773349,
      "s1_lc_l0.25": 0.4421875,
      "s1_inv_l0.25": 0.5067873303167421,
      "s1_all_l0.5": 0.6811254396248535,
      "s1_lc_l0.5": 0.44375,
      "s1_inv_l0.5": 0.502262443438914,
      "s1_all_l1.0": 0.6799531066822978,
      "s1_lc_l1.0": 0.4421875,
      "s1_inv_l1.0": 0.502262443438914,
      "s2_all_g0.25": 0.6807346619773349,
      "s2_lc_g0.25": 0.44375,
      "s2_inv_g0.25": 0.5113122171945701,
      "s2_all_g0.5": 0.6783899960922235,
      "s2_lc_g0.5": 0.44375,
      "s2_inv_g0.5": 0.502262443438914,
      "s2_all_g1.0": 0.6502540054708871,
      "s2_lc_g1.0": 0.4046875,
      "s2_inv_g1.0": 0.4841628959276018,
      "s2_all_g1.5": 0.6158655724892537,
      "s2_lc_g1.5": 0.36875,
      "s2_inv_g1.5": 0.4751131221719457
    },
    {
      "n_te": 2510,
      "n_lc": 628,
      "n_inv": 317,
      "s0_all": 0.6868525896414343,
      "s0_lc": 0.4585987261146497,
      "s0_inv": 0.5457413249211357,
      "s1_all_l0.25": 0.6864541832669323,
      "s1_lc_l0.25": 0.4570063694267516,
      "s1_inv_l0.25": 0.5299684542586751,
      "s1_all_l0.5": 0.6880478087649402,
      "s1_lc_l0.5": 0.46496815286624205,
      "s1_inv_l0.5": 0.5078864353312302,
      "s1_all_l1.0": 0.6880478087649402,
      "s1_lc_l1.0": 0.46656050955414013,
      "s1_inv_l1.0": 0.501577287066246,
      "s2_all_g0.25": 0.6872509960159362,
      "s2_lc_g0.25": 0.46496815286624205,
      "s2_inv_g0.25": 0.5110410094637224,
      "s2_all_g0.5": 0.6848605577689243,
      "s2_lc_g0.5": 0.46496815286624205,
      "s2_inv_g0.5": 0.5047318611987381,
      "s2_all_g1.0": 0.6649402390438247,
      "s2_lc_g1.0": 0.45222929936305734,
      "s2_inv_g1.0": 0.47318611987381703,
      "s2_all_g1.5": 0.6354581673306773,
      "s2_lc_g1.5": 0.4251592356687898,
      "s2_inv_g1.5": 0.42902208201892744
    },
    {
      "n_te": 2678,
      "n_lc": 670,
      "n_inv": 315,
      "s0_all": 0.6553398058252428,
      "s0_lc": 0.4014925373134328,
      "s0_inv": 0.5428571428571428,
      "s1_all_l0.25": 0.6590739357729649,
      "s1_lc_l0.25": 0.4164179104477612,
      "s1_inv_l0.25": 0.546031746031746,
      "s1_all_l0.5": 0.6583271097834205,
      "s1_lc_l0.5": 0.4134328358208955,
      "s1_inv_l0.5": 0.5365079365079365,
      "s1_all_l1.0": 0.6601941747572816,
      "s1_lc_l1.0": 0.417910447761194,
      "s1_inv_l1.0": 0.5301587301587302,
      "s2_all_g0.25": 0.6527259148618372,
      "s2_lc_g0.25": 0.39104477611940297,
      "s2_inv_g0.25": 0.5333333333333333,
      "s2_all_g0.5": 0.6519790888722927,
      "s2_lc_g0.5": 0.39104477611940297,
      "s2_inv_g0.5": 0.5206349206349207,
      "s2_all_g1.0": 0.6456310679611651,
      "s2_lc_g1.0": 0.3880597014925373,
      "s2_inv_g1.0": 0.5206349206349207,
      "s2_all_g1.5": 0.6303211351755041,
      "s2_lc_g1.5": 0.3940298507462687,
      "s2_inv_g1.5": 0.5174603174603175
    }
  ],
  "gammas": [
    0.25,
    0.5,
    1.0,
    1.5
  ],
  "lams": [
    0.25,
    0.5,
    1.0
  ]
}