{
  "n": 12890,
  "n_inv": 1567,
  "results": {
    "music-x-lab (best single)": [
      0.8986811481768813,
      0.7134652201659222
    ],
    "NNLS argmax": [
      0.8169123351435221,
      0.7581365666879387
    ],
    "NNLS head full24": [
      0.8415826221877425,
      0.7032546266751755
    ],
    "OOF STACK {heads,argmax,musx}": [
      0.8931730023273856,
      0.7128270580727505
    ],
    "musx-primary gate": [
      0.8681148176881304,
      0.7466496490108487
    ],
    "oracle": [
      0.9411171450737006,
      0.8442884492661136
    ]
  }
}