{
  "summary": {
    "baseline": {
      "acc_all": [
        0.6436338126972992,
        0.0
      ],
      "ece_all": [
        0.07407931461851874,
        0.0
      ],
      "n_all": [
        2851.0,
        0.0
      ],
      "acc_rootpos": [
        0.6710689228229467,
        0.0
      ],
      "ece_rootpos": [
        0.05689989143518982,
        0.0
      ],
      "n_rootpos": [
        2423.0,
        0.0
      ],
      "acc_inv": [
        0.4883177570093458,
        0.0
      ],
      "ece_inv": [
        0.20310815883295558,
        0.0
      ],
      "n_inv": [
        428.0,
        0.0
      ],
      "acc_windowed": [
        0.6473429951690821,
        0.0
      ],
      "ece_windowed": [
        0.07186814240034253,
        0.0
      ],
      "n_windowed": [
        2691.0,
        0.0
      ],
      "acc_edge": [
        0.58125,
        0.0
      ],
      "ece_edge": [
        0.16854798877611757,
        0.0
      ],
      "n_edge": [
        160.0,
        0.0
      ]
    },
    "ctx_oracle": {
      "acc_all": [
        0.33672395650648895,
        0.0
      ],
      "ece_all": [
        0.3763036070027631,
        0.0
      ],
      "n_all": [
        2851.0,
        0.0
      ],
      "acc_rootpos": [
        0.32769294263309945,
        0.0
      ],
      "ece_rootpos": [
        0.3854741167970497,
        0.0
      ],
      "n_rootpos": [
        2423.0,
        0.0
      ],
      "acc_inv": [
        0.3878504672897196,
        0.0
      ],
      "ece_inv": [
        0.32438737982622934,
        0.0
      ],
      "n_inv": [
        428.0,
        0.0
      ],
      "acc_windowed": [
        0.3403939056112969,
        0.0
      ],
      "ece_windowed": [
        0.3711701837149928,
        0.0
      ],
      "n_windowed": [
        2691.0,
        0.0
      ],
      "acc_edge": [
        0.275,
        0.0
      ],
      "ece_edge": [
        0.46542908176779746,
        0.0
      ],
      "n_edge": [
        160.0,
        0.0
      ]
    },
    "ctx_predhard": {
      "acc_all": [
        0.2602595580498071,
        0.0
      ],
      "ece_all": [
        0.29474106466548566,
        0.0
      ],
      "n_all": [
        2851.0,
        0.0
      ],
      "acc_rootpos": [
        0.260008254230293,
        0.0
      ],
      "ece_rootpos": [
        0.2932578227795996,
        0.0
      ],
      "n_rootpos": [
        2423.0,
        0.0
      ],
      "acc_inv": [
        0.2616822429906542,
        0.0
      ],
      "ece_inv": [
        0.3061084356333051,
        0.0
      ],
      "n_inv": [
        428.0,
        0.0
      ],
      "acc_windowed": [
        0.2638424377554812,
        0.0
      ],
      "ece_windowed": [
        0.29071836772128046,
        0.0
      ],
      "n_windowed": [
        2691.0,
        0.0
      ],
      "acc_edge": [
        0.2,
        0.0
      ],
      "ece_edge": [
        0.36239779889583584,
        0.0
      ],
      "n_edge": [
        160.0,
        0.0
      ]
    },
    "ctx_predprob": {
      "acc_all": [
        0.28937215012276396,
        0.0
      ],
      "ece_all": [
        0.2932051142886077,
        0.0
      ],
      "n_all": [
        2851.0,
        0.0
      ],
      "acc_rootpos": [
        0.2930251754023937,
        0.0
      ],
      "ece_rootpos": [
        0.2896323482753126,
        0.0
      ],
      "n_rootpos": [
        2423.0,
        0.0
      ],
      "acc_inv": [
        0.26869158878504673,
        0.0
      ],
      "ece_inv": [
        0.31343131066761276,
        0.0
      ],
      "n_inv": [
        428.0,
        0.0
      ],
      "acc_windowed": [
        0.29431438127090304,
        0.0
      ],
      "ece_windowed": [
        0.28988193059689665,
        0.0
      ],
      "n_windowed": [
        2691.0,
        0.0
      ],
      "acc_edge": [
        0.20625,
        0.0
      ],
      "ece_edge": [
        0.3490969100035727,
        0.0
      ],
      "n_edge": [
        160.0,
        0.0
      ]
    },
    "ctx_raw": {
      "acc_all": [
        0.3184847421957208,
        0.0
      ],
      "ece_all": [
        0.2979340638739316,
        0.0
      ],
      "n_all": [
        2851.0,
        0.0
      ],
      "acc_rootpos": [
        0.3223276929426331,
        0.0
      ],
      "ece_rootpos": [
        0.2955989692078806,
        0.0
      ],
      "n_rootpos": [
        2423.0,
        0.0
      ],
      "acc_inv": [
        0.2967289719626168,
        0.0
      ],
      "ece_inv": [
        0.31115353671468304,
        0.0
      ],
      "n_inv": [
        428.0,
        0.0
      ],
      "acc_windowed": [
        0.3259011519881085,
        0.0
      ],
      "ece_windowed": [
        0.29322827490277115,
        0.0
      ],
      "n_windowed": [
        2691.0,
        0.0
      ],
      "acc_edge": [
        0.19375,
        0.0
      ],
      "ece_edge": [
        0.3770795521326363,
        0.0
      ],
      "n_edge": [
        160.0,
        0.0
      ]
    },
    "fuse_avg": {
      "acc_all": [
        0.5847071203086637,
        0.0
      ],
      "ece_all": [
        0.0907825196069046,
        0.0
      ],
      "n_all": [
        2851.0,
        0.0
      ],
      "acc_rootpos": [
        0.6095749071399093,
        0.0
      ],
      "ece_rootpos": [
        0.11361819191695988,
        0.0
      ],
      "n_rootpos": [
        2423.0,
        0.0
      ],
      "acc_inv": [
        0.4439252336448598,
        0.0
      ],
      "ece_inv": [
        0.06404985436713835,
        0.0
      ],
      "n_inv": [
        428.0,
        0.0
      ],
      "acc_windowed": [
        0.5886287625418061,
        0.0
      ],
      "ece_windowed": [
        0.09123661940433886,
        0.0
      ],
      "n_windowed": [
        2691.0,
        0.0
      ],
      "acc_edge": [
        0.51875,
        0.0
      ],
      "ece_edge": [
        0.1091789824808984,
        0.0
      ],
      "n_edge": [
        160.0,
        0.0
      ]
    },
    "fuse_confw": {
      "acc_all": [
        0.5861101367941073,
        0.0
      ],
      "ece_all": [
        0.03593014675017545,
        0.0
      ],
      "n_all": [
        2851.0,
        0.0
      ],
      "acc_rootpos": [
        0.610813041683863,
        0.0
      ],
      "ece_rootpos": [
        0.059065597587113376,
        0.0
      ],
      "n_rootpos": [
        2423.0,
        0.0
      ],
      "acc_inv": [
        0.4462616822429907,
        0.0
      ],
      "ece_inv": [
        0.1038547830725821,
        0.0
      ],
      "n_inv": [
        428.0,
        0.0
      ],
      "acc_windowed": [
        0.5897435897435898,
        0.0
      ],
      "ece_windowed": [
        0.03660336132235933,
        0.0
      ],
      "n_windowed": [
        2691.0,
        0.0
      ],
      "acc_edge": [
        0.525,
        0.0
      ],
      "ece_edge": [
        0.11182049107773519,
        0.0
      ],
      "n_edge": [
        160.0,
        0.0
      ]
    },
    "fuse_learned": {
      "acc_all": [
        0.6439845668186601,
        0.0
      ],
      "ece_all": [
        0.06417020712128087,
        0.0
      ],
      "n_all": [
        2851.0,
        0.0
      ],
      "acc_rootpos": [
        0.6747833264548081,
        0.0
      ],
      "ece_rootpos": [
        0.04208064120968141,
        0.0
      ],
      "n_rootpos": [
        2423.0,
        0.0
      ],
      "acc_inv": [
        0.4696261682242991,
        0.0
      ],
      "ece_inv": [
        0.21914305779183937,
        0.0
      ],
      "n_inv": [
        428.0,
        0.0
      ],
      "acc_windowed": [
        0.6477146042363434,
        0.0
      ],
      "ece_windowed": [
        0.06078465936462386,
        0.0
      ],
      "n_windowed": [
        2691.0,
        0.0
      ],
      "acc_edge": [
        0.58125,
        0.0
      ],
      "ece_edge": [
        0.13003890058978523,
        0.0
      ],
      "n_edge": [
        160.0,
        0.0
      ]
    }
  },