{
  "n_rows": 13084,
  "n_songs": 100,
  "seeds": 5,
  "folds": 5,
  "gt_qual_dist": {
    "maj": 7373,
    "min": 4030,
    "dom": 950,
    "hdim": 48,
    "dim": 154,
    "aug": 65,
    "sus": 464
  },
  "musx": {
    "root_raw": 0.8745032100275145,
    "qual_raw": 0.8244420666462855,
    "qual_bal": 0.5162773198363776,
    "joint": 0.7800366860287374,
    "rec": [
      0.8677607486776074,
      0.8853598014888338,
      0.6726315789473685,
      0.4791666666666667,
      0.37012987012987014,
      0.13846153846153847,
      0.20043103448275862
    ]
  },
  "nnls": {
    "root_raw": [
      0.8016355854478754,
      0.0015082722572355679
    ],
    "qual_raw": [
      0.6892540507490064,
      0.005940355616452186
    ],
    "qual_bal": [
      0.539391608192718,
      0.011272887580295009
    ],
    "joint": [
      0.6414246407826354,
      0.0048520461063527075
    ]
  },
  "nnls_rec": [
    0.6964329309643293,
    0.7321588089330024,
    0.5970526315789473,
    0.26250000000000007,
    0.5532467532467532,
    0.41538461538461535,
    0.5189655172413794
  ],
  "integration": {
    "full_replacement_joint": 0.7800366860287374,
    "nnls_alone_joint": [
      0.6414246407826354,
      0.0048520461063527075
    ],
    "cascadeA_joint": [
      0.7769183735860594,
      0.000912553442775849
    ],
    "cascadeB_joint": [
      0.7753592173647202,
      0.0004721322290272344
    ],
    "cascadeC_surgical_joint": [
      0.7775756649342709,
      0.000346554082811203
    ],
    "cascadeC_surgical_qualbal": [
      0.4951431123625478,
      0.0035060309658682455
    ]
  }
}