{
 "per_seed": {
  "0": {
   "V1_binary": {
    "tau_star": 0.84,
    "test_vf": 0.6818629636112814
   },
   "V2_weighted": {
    "tau_star": 0.81,
    "test_vf": 0.6826564580913925
   },
   "V3_tiv": {
    "tau_star": 0.75,
    "test_vf": 0.6749434086373765
   }
  },
  "1": {
   "V1_binary": {
    "tau_star": 0.84,
    "test_vf": 0.6874573407861846
   },
   "V2_weighted": {
    "tau_star": 0.81,
    "test_vf": 0.6873343755871011
   },
   "V3_tiv": {
    "tau_star": 0.81,
    "test_vf": 0.6836332284103941
   }
  },
  "2": {
   "V1_binary": {
    "tau_star": 0.84,
    "test_vf": 0.6821431775025683
   },
   "V2_weighted": {
    "tau_star": 0.81,
    "test_vf": 0.6820747561488798
   },
   "V3_tiv": {
    "tau_star": 0.81,
    "test_vf": 0.6780986690283355
   }
  },
  "3": {
   "V1_binary": {
    "tau_star": 0.84,
    "test_vf": 0.6843021314078295
   },
   "V2_weighted": {
    "tau_star": 0.84,
    "test_vf": 0.6825549250999416
   },
   "V3_tiv": {
    "tau_star": 0.81,
    "test_vf": 0.6805680905511139
   }
  },
  "4": {
   "V1_binary": {
    "tau_star": 0.84,
    "test_vf": 0.68449791861254
   },
   "V2_weighted": {
    "tau_star": 0.81,
    "test_vf": 0.6835370922491999
   },
   "V3_tiv": {
    "tau_star": 0.81,
    "test_vf": 0.679953479560036
   }
  },
  "5": {
   "V1_binary": {
    "tau_star": 0.84,
    "test_vf": 0.6821038755287523
   },
   "V2_weighted": {
    "tau_star": 0.81,
    "test_vf": 0.6828614603476466
   },
   "V3_tiv": {
    "tau_star": 0.81,
    "test_vf": 0.6776796646949373
   }
  },
  "6": {
   "V1_binary": {
    "tau_star": 0.84,
    "test_vf": 0.681144126939677
   },
   "V2_weighted": {
    "tau_star": 0.81,
    "test_vf": 0.6817095212764228
   },
   "V3_tiv": {
    "tau_star": 0.78,
    "test_vf": 0.6770127548342618
   }
  }
 },
 "summary": {
  "V1_binary": {
   "mean": 0.6833587906269762,
   "std": 0.002041721216612868,
   "min": 0.681144126939677,
   "max": 0.6874573407861846,
   "values": [
    0.6818629636112814,
    0.6874573407861846,
    0.6821431775025683,
    0.6843021314078295,
    0.68449791861254,
    0.6821038755287523,
    0.681144126939677
   ]
  },
  "V2_weighted": {
   "mean": 0.6832469412572263,
   "std": 0.0017527585355462554,
   "min": 0.6817095212764228,
   "max": 0.6873343755871011,
   "values": [
    0.6826564580913925,
    0.6873343755871011,
    0.6820747561488798,
    0.6825549250999416,
    0.6835370922491999,
    0.6828614603476466,
    0.6817095212764228
   ]
  },
  "V3_tiv": {
   "mean": 0.6788413279594936,
   "std": 0.0026082111742410513,
   "min": 0.6749434086373765,
   "max": 0.6836332284103941,
   "values": [
    0.6749434086373765,
    0.6836332284103941,
    0.6780986690283355,
    0.6805680905511139,
    0.679953479560036,
    0.6776796646949373,
    0.6770127548342618
   ]
  }
 },
 "seeds": [
  0,
  1,
  2,
  3,
  4,
  5,
  6
 ],
 "size": 8
}