{
  "aretha_chain_of_fools": 0.14184476726265274,
  "autumn_leaves": -0.05435173734968768,
  "abba_chiquitita": -0.2203055648492218,
  "elton_john_goodbye_yellow_brick_road": -0.03405598416331013,
  "land_of_1000_dances": -0.0015056425757521419,
  "commodores_easy": -0.1681264839790242
}