{
  "aretha_chain_of_fools": {
    "bass_only": {
      "n_bars": 83,
      "t_gram_s": 0.001024007797241211,
      "t_derive_all_sizes_s": 0.009531974792480469,
      "max_abs_diff_per_size": {
        "2": 5.88418203051333e-15,
        "4": 4.218847493575595e-15,
        "8": 1.3322676295501878e-15,
        "16": 6.661338147750939e-16
      }
    },
    "treble_only": {
      "n_bars": 83,
      "t_gram_s": 0.00026988983154296875,
      "t_derive_all_sizes_s": 0.009885311126708984,
      "max_abs_diff_per_size": {
        "2": 5.218048215738236e-15,
        "4": 3.9968028886505635e-15,
        "8": 1.6653345369377348e-15,
        "16": 6.661338147750939e-16
      }
    }
  },
  "autumn_leaves": {
    "bass_only": {
      "n_bars": 330,
      "t_gram_s": 0.0001308917999267578,
      "t_derive_all_sizes_s": 0.14032435417175293,
      "max_abs_diff_per_size": {
        "2": 1.4432899320127035e-14,
        "4": 1.1546319456101628e-14,
        "8": 8.215650382226158e-15,
        "16": 4.884981308350689e-15
      }
    },
    "treble_only": {
      "n_bars": 330,
      "t_gram_s": 0.00021767616271972656,
      "t_derive_all_sizes_s": 0.13691282272338867,
      "max_abs_diff_per_size": {
        "2": 2.1094237467877974e-14,
        "4": 1.3211653993039363e-14,
        "8": 7.549516567451064e-15,
        "16": 5.10702591327572e-15
      }
    }
  },
  "abba_chiquitita": {
    "bass_only": {
      "n_bars": 232,
      "t_gram_s": 8.082389831542969e-05,
      "t_derive_all_sizes_s": 0.07012200355529785,
      "max_abs_diff_per_size": {
        "2": 1.199040866595169e-14,
        "4": 8.215650382226158e-15,
        "8": 3.9968028886505635e-15,
        "16": 3.4416913763379853e-15
      }
    },
    "treble_only": {
      "n_bars": 232,
      "t_gram_s": 0.00018405914306640625,
      "t_derive_all_sizes_s": 0.06932187080383301,
      "max_abs_diff_per_size": {
        "2": 1.3766765505351941e-14,
        "4": 8.992806499463768e-15,
        "8": 6.439293542825908e-15,
        "16": 5.662137425588298e-15
      }
    }
  }
}