{
  "summary": {
    "config": {
      "N": 13204,
      "songs": 100,
      "inv_frac": 0.1236746440472584,
      "seeds": 3
    },
    "bass_st": [
      0.6528093610781153,
      0.010651463882372038
    ],
    "bass_mt": [
      0.650583209885137,
      0.011379873385632698
    ],
    "deg_st": [
      0.30299420175107133,
      0.09225535739418034
    ],
    "deg_mt": [
      0.31400885304235554,
      0.07950481915679539
    ],
    "deg_seq": [
      0.34046520911996403,
      0.0807566001313974
    ],
    "deg_st_inv": [
      0.30182965943850976,
      0.009623455017028788
    ],
    "deg_mt_inv": [
      0.3146511982871888,
      0.02791267297795543
    ],
    "deg_seq_inv": [
      0.31163854952831,
      0.02115551089110599
    ],
    "deg_mt_bal_coll": [
      0.307524808019142,
      0.05076190632560057
    ],
    "deg_acc_bass_correct": [
      0.33492032138183175,
      0.08564142815806947
    ],
    "deg_acc_bass_wrong": [
      0.27419336564422664,
      0.06689131430294663
    ],
    "frac_bass_correct": [
      0.6528093610781153,
      0.010651463882372038
    ],
    "quality_no_degree": [
      0.681851197531191,
      0.021810569880755127,
      0.5523907646252778,
      0.01567203418912295
    ],
    "quality_pred_degree": [
      0.6658493170505629,
      0.012641460477125223,
      0.5171783373932844,
      0.025018850350514085
    ],
    "quality_oracle_degree": [
      0.746466160587452,
      0.015065773082441149,
      0.8729808360680421,
      0.03719226837125635
    ]
  },
  "records": [
    {
      "seed": 0,
      "bass_st": 0.6499473868817959,
      "bass_mt": 0.649245878639074,
      "deg_st": 0.2546474921080323,
      "deg_mt": 0.31673097158891617,
      "deg_seq": 0.2802525429673799,
      "deg_st_inv": 0.31542056074766356,
      "deg_mt_inv": 0.352803738317757,
      "deg_seq_inv": 0.32710280373831774,
      "deg_mt_bal_coll": 0.251004180556453,
      "deg_acc_bass_correct": 0.34376686454398275,
      "deg_acc_bass_wrong": 0.2665330661322645,
      "frac_bass_correct": 0.6499473868817959,
      "n_inv_te": 428
    },
    {
      "seed": 1,
      "bass_st": 0.6414326414326414,
      "bass_mt": 0.6373626373626373,
      "deg_st": 0.2222222222222222,
      "deg_mt": 0.2153032153032153,
      "deg_seq": 0.28652828652828655,
      "deg_st_inv": 0.2956521739130435,
      "deg_mt_inv": 0.30434782608695654,
      "deg_seq_inv": 0.32608695652173914,
      "deg_mt_bal_coll": 0.3741155366208152,
      "deg_acc_bass_correct": 0.22588832487309646,
      "deg_acc_bass_wrong": 0.1963677639046538,
      "frac_bass_correct": 0.6414326414326414,
      "n_inv_te": 230
    },
    {
      "seed": 2,
      "bass_st": 0.6670480549199085,
      "bass_mt": 0.6651411136536994,
      "deg_st": 0.43211289092295957,
      "deg_mt": 0.4099923722349352,
      "deg_seq": 0.45461479786422576,
      "deg_st_inv": 0.29441624365482233,
      "deg_mt_inv": 0.2868020304568528,
      "deg_seq_inv": 0.2817258883248731,
      "deg_mt_bal_coll": 0.29745470688015774,
      "deg_acc_bass_correct": 0.4351057747284162,
      "deg_acc_bass_wrong": 0.35967926689576174,
      "frac_bass_correct": 0.6670480549199085,
      "n_inv_te": 394
    }
  ]
}