{
  "clean": [
    {
      "n_train_pairs": 10616,
      "n_val_pairs": 3799,
      "n_test_pairs": 3373,
      "threshold_only": {
        "thr": 0.9999999999999998,
        "precision": 0.7675276752767528,
        "recall": 0.16626698641087131,
        "fpr": 0.029688972667295005
      },
      "logreg": {
        "thr": 0.7091506677073587,
        "precision": 0.6236559139784946,
        "recall": 0.09272581934452438,
        "fpr": 0.03298774740810556,
        "coef": [
          1.030223808188038,
          -0.03295916807227292,
          0.4986323200578876,
          -1.3922217979944826,
          -1.3533530897924964
        ],
        "intercept": 1.1571866020406814
      }
    },
    {
      "n_train_pairs": 10256,
      "n_val_pairs": 3797,
      "n_test_pairs": 3735,
      "threshold_only": {
        "thr": 0.9999999999999998,
        "precision": 0.5958904109589042,
        "recall": 0.12349183818310859,
        "fpr": 0.05073086844368014
      },
      "logreg": {
        "thr": 0.6858168640700044,
        "precision": 0.6074074074074074,
        "recall": 0.11639460610361958,
        "fpr": 0.04557179707652623,
        "coef": [
          0.4633632277014445,
          0.7638295802884116,
          0.61359640399492,
          -1.4147643363502986,
          -1.348381405311699
        ],
        "intercept": 0.8445057250658166
      }
    },
    {
      "n_train_pairs": 11089,
      "n_val_pairs": 3666,
      "n_test_pairs": 3033,
      "threshold_only": {
        "thr": 0.9533668337567451,
        "precision": 0.6787564766839378,
        "recall": 0.23392857142857143,
        "fpr": 0.06481965499215891
      },
      "logreg": {
        "thr": 0.6674414330881338,
        "precision": 0.6376306620209059,
        "recall": 0.16339285714285715,
        "fpr": 0.054364871928907474,
        "coef": [
          1.0446634867874425,
          -0.21528047585608256,
          0.4146915054656922,
          -1.4420571488944591,
          -1.2570771889594143
        ],
        "intercept": 1.2294939958671773
      }
    },
    {
      "n_train_pairs": 11461,
      "n_val_pairs": 3302,
      "n_test_pairs": 3025,
      "threshold_only": {
        "thr": 0.9105571312970215,
        "precision": 0.6658476658476659,
        "recall": 0.24414414414414415,
        "fpr": 0.07101827676240209
      },
      "logreg": {
        "thr": 0.6657359442626891,
        "precision": 0.5970695970695971,
        "recall": 0.14684684684684685,
        "fpr": 0.057441253263707574,
        "coef": [
          1.0711862125476117,
          -0.29660950204957637,
          0.3872883552490487,
          -1.4806058853717703,
          -1.4841339104416453
        ],
        "intercept": 1.5158504209795483
      }
    },
    {
      "n_train_pairs": 10394,
      "n_val_pairs": 4015,
      "n_test_pairs": 3379,
      "threshold_only": {
        "thr": 0.9999999999999998,
        "precision": 0.5301507537688442,
        "recall": 0.16640378548895898,
        "fpr": 0.0885836096636665
      },
      "logreg": {
        "thr": 0.7254172364375138,
        "precision": 0.5298507462686567,
        "recall": 0.11198738170347003,
        "fpr": 0.05968735196589294,
        "coef": [
          1.7051561355469609,
          -0.7181556288385975,
          0.49350025335417974,
          -1.5680607918964593,
          -1.5104544821249224
        ],
        "intercept": 1.5107987784907027
      }
    }
  ],
  "floor_blend": [
    {
      "n_train_pairs": 10616,
      "n_val_pairs": 3799,
      "n_test_pairs": 3373,
      "threshold_only": {
        "thr": 0.9999999999999998,
        "precision": 0.7675276752767528,
        "recall": 0.16626698641087131,
        "fpr": 0.029688972667295005
      },
      "logreg": {
        "thr": 0.700513704886954,
        "precision": 0.631578947368421,
        "recall": 0.09592326139088729,
        "fpr": 0.03298774740810556,
        "coef": [
          1.9740669237573065,
          -0.1295247405682946,
          0.922271091594543,
          -1.4027398849094483,
          -1.3030732805434504
        ],
        "intercept": -0.21147968170054698
      }
    },
    {
      "n_train_pairs": 10256,
      "n_val_pairs": 3797,
      "n_test_pairs": 3735,
      "threshold_only": {
        "thr": 0.9999999999999998,
        "precision": 0.5958904109589042,
        "recall": 0.12349183818310859,
        "fpr": 0.05073086844368014
      },
      "logreg": {
        "thr": 0.6763263493640242,
        "precision": 0.5993031358885017,
        "recall": 0.12207239176721078,
        "fpr": 0.049441100601891656,
        "coef": [
          1.0758694941321434,
          1.2942898803748784,
          1.1850796872534624,
          -1.4108572325345559,
          -1.3094232399905437
        ],
        "intercept": -0.9606387950600075
      }
    },
    {
      "n_train_pairs": 11089,
      "n_val_pairs": 3666,
      "n_test_pairs": 3033,
      "threshold_only": {
        "thr": 0.9806095638966232,
        "precision": 0.6770833333333334,
        "recall": 0.23214285714285715,
        "fpr": 0.06481965499215891
      },
      "logreg": {
        "thr": 0.6595715588698471,
        "precision": 0.6394557823129252,
        "recall": 0.16785714285714284,
        "fpr": 0.05541035023523262,
        "coef": [
          1.8487392656913446,
          -0.3417576479533985,
          0.7534908088690163,
          -1.4397773421169835,
          -1.2211131074699182
        ],
        "intercept": 0.11797270147419134
      }
    },
    {
      "n_train_pairs": 11461,
      "n_val_pairs": 3302,
      "n_test_pairs": 3025,
      "threshold_only": {
        "thr": 0.9595559467516135,
        "precision": 0.6715328467153284,
        "recall": 0.24864864864864866,
        "fpr": 0.07049608355091384
      },
      "logreg": {
        "thr": 0.6565459177051352,
        "precision": 0.5677655677655677,
        "recall": 0.13963963963963963,
        "fpr": 0.06161879895561358,
        "coef": [
          1.929473302173492,
          -0.5639122805101542,
          0.6827805108317075,
          -1.4802442405642713,
          -1.425527294378453
        ],
        "intercept": 0.5139807681444729
      }
    },
    {
      "n_train_pairs": 10394,
      "n_val_pairs": 4015,
      "n_test_pairs": 3379,
      "threshold_only": {
        "thr": 1.0,
        "precision": 0.5984848484848485,
        "recall": 0.062302839116719244,
        "fpr": 0.02510658455708195
      },
      "logreg": {
        "thr": 0.7186598550259408,
        "precision": 0.5378787878787878,
        "recall": 0.11198738170347003,
        "fpr": 0.05779251539554713,
        "coef": [
          3.013063826839837,
          -1.2799993509336485,
          0.8665322379530069,
          -1.5659601697732453,
          -1.4656442861248429
        ],
        "intercept": 0.2736593707213634
      }
    }
  ]
}