{
  "seventh": {
    "base3": 0.9108258730575088,
    "has7": 0.7775593254750217,
    "dom_fac": 0.6419951729686243
  }
}