{
  "confusion": {
    "NNLS": [
      [
        0.7350274725274726,
        0.02184065934065934,
        0.08337912087912087,
        0.0008241758241758242,
        0.009065934065934067,
        0.016483516483516484,
        0.13337912087912088
      ],
      [
        0.02429251189581768,
        0.8064112196343601,
        0.03931880791384924,
        0.027548209366391185,
        0.029551715502128727,
        0.033809166040571,
        0.03906836964688205
      ],
      [
        0.09533898305084745,
        0.045550847457627115,
        0.6472457627118644,
        0.006355932203389831,
        0.00211864406779661,
        0.037076271186440676,
        0.1663135593220339
      ],
      [
        0.0,
        0.047619047619047616,
        0.047619047619047616,
        0.42857142857142855,
        0.42857142857142855,
        0.047619047619047616,
        0.0
      ],
      [
        0.016260162601626018,
        0.11382113821138211,
        0.0,
        0.2032520325203252,
        0.6422764227642277,
        0.024390243902439025,
        0.0
      ],
      [
        0.14414414414414414,
        0.18018018018018017,
        0.10810810810810811,
        0.0,
        0.0990990990990991,
        0.46846846846846846,
        0.0
      ],
      [
        0.15767634854771784,
        0.04149377593360996,
        0.08298755186721991,
        0.004149377593360996,
        0.008298755186721992,
        0.008298755186721992,
        0.6970954356846473
      ]
    ],
    "BP48": [
      [
        0.5972527472527472,
        0.0510989010989011,
        0.12142857142857143,
        0.010576923076923078,
        0.042994505494505494,
        0.03997252747252747,
        0.13667582417582416
      ],
      [
        0.06862008514901077,
        0.5336839469070874,
        0.11870773854244929,
        0.05709992486851991,
        0.10743801652892562,
        0.042324067117455545,
        0.07212622088655146
      ],
      [
        0.13771186440677965,
        0.1059322033898305,
        0.4300847457627119,
        0.019067796610169493,
        0.036016949152542374,
        0.07944915254237288,
        0.1917372881355932
      ],
      [
        0.0,
        0.0,
        0.047619047619047616,
        0.38095238095238093,
        0.5238095238095238,
        0.0,
        0.047619047619047616
      ],
      [
        0.04878048780487805,
        0.12195121951219512,
        0.024390243902439025,
        0.2032520325203252,
        0.5284552845528455,
        0.056910569105691054,
        0.016260162601626018
      ],
      [
        0.16216216216216217,
        0.17117117117117117,
        0.07207207207207207,
        0.04504504504504504,
        0.27927927927927926,
        0.1981981981981982,
        0.07207207207207207
      ],
      [
        0.17427385892116182,
        0.08091286307053942,
        0.13900414937759337,
        0.01867219917012448,
        0.014522821576763486,
        0.01867219917012448,
        0.553941908713693
      ]
    ]
  },
  "axes": {
    "NNLS": {
      "third_maj2min": 0.02184065934065934,
      "third_min2maj": 0.02429251189581768,
      "seventh_dom2maj": 0.09533898305084745,
      "seventh_maj2dom": 0.08337912087912087,
      "seventh_dom2min": 0.045550847457627115,
      "seventh_hdim2min": 0.047619047619047616,
      "seventh_hdim2dim": 0.42857142857142855,
      "recall": {
        "maj": 0.7350274725274726,
        "min": 0.8064112196343601,
        "dom": 0.6472457627118644,
        "hdim": 0.42857142857142855,
        "dim": 0.6422764227642277,
        "aug": 0.46846846846846846,
        "sus": 0.6970954356846473
      }
    },
    "BP48": {
      "third_maj2min": 0.0510989010989011,
      "third_min2maj": 0.06862008514901077,
      "seventh_dom2maj": 0.13771186440677965,
      "seventh_maj2dom": 0.12142857142857143,
      "seventh_dom2min": 0.1059322033898305,
      "seventh_hdim2min": 0.0,
      "seventh_hdim2dim": 0.5238095238095238,
      "recall": {
        "maj": 0.5972527472527472,
        "min": 0.5336839469070874,
        "dom": 0.4300847457627119,
        "hdim": 0.38095238095238093,
        "dim": 0.5284552845528455,
        "aug": 0.1981981981981982,
        "sus": 0.553941908713693
      }
    }
  },
  "cascade": {
    "frac_pure_triad": 0.6006513177824901,
    "frac_family": 0.8715540745228718,
    "NNLS": {
      "bin_acc": [
        0.9534919690159193,
        0.0014084307277909649
      ],
      "resid_bal": [
        0.7270925385452379,
        0.09284793759053095
      ]
    },
    "BP48": {
      "bin_acc": [
        0.8585887245359174,
        0.014746147444832302
      ],
      "resid_bal": [
        0.6014423356978139,
        0.111940643029923
      ]
    }
  }
}