{
  "flat_nnls": {
    "raw": 0.749498224486645,
    "bal": 0.6567707370198782
  },
  "flat_bp48": {
    "raw": 0.5640728732437857,
    "bal": 0.4776955904781591
  },
  "casc_hard": {
    "raw": 0.8035355874633318,
    "bal": 0.6150769188213497
  },
  "casc_soft": {
    "raw": 0.8300138953219083,
    "bal": 0.5867488437979255
  },
  "casc_conf_0.7": {
    "raw": 0.7272657094333796,
    "bal": 0.6338712931220998
  },
  "conf_sweep": {
    "0.5": {
      "raw": 0.791492975142813,
      "bal": 0.6241666397765889
    },
    "0.6": {
      "raw": 0.7622356029025783,
      "bal": 0.6289603790469664
    },
    "0.7": {
      "raw": 0.7272657094333796,
      "bal": 0.6338712931220998
    },
    "0.8": {
      "raw": 0.6719932067315115,
      "bal": 0.6319582574427075
    },
    "0.9": {
      "raw": 0.5819052030260923,
      "bal": 0.6264916514697342
    }
  }
}