{
  "grain": 8,
  "n_corpus_sample": 300,
  "real_audio_stats": {
    "bass": {
      "aretha_chain_of_fools": 0.9209883839896245,
      "autumn_leaves": 0.800784115815767,
      "abba_chiquitita": 0.7743771573163951
    },
    "treble": {
      "aretha_chain_of_fools": 0.9274509537382961,
      "autumn_leaves": 0.8183692978514939,
      "abba_chiquitita": 0.8117385265046934
    },
    "combined": {
      "aretha_chain_of_fools": 0.9221799289284588,
      "autumn_leaves": 0.7991865897752475,
      "abba_chiquitita": 0.7751446894199133
    }
  },
  "real_target": {
    "bass": 0.8320498857072621,
    "treble": 0.8525195926981611,
    "combined": 0.8321704027078732
  },
  "validation_corr_stat_B_vs_stat_A": 0.5019791800709567,
  "sweep": {
    "bass": {
      "0.0": 0.6010410450230252,
      "0.1": 0.5445840624445653,
      "0.2": 0.4223102605489319,
      "0.3": 0.30952122120973785,
      "0.4": 0.2308601956416668,
      "0.5": 0.1803135305405039,
      "0.6": 0.14796168752266436,
      "0.8": 0.11165887671342599,
      "1.0": 0.09346551847999088,
      "1.3": 0.07968859169357255,
      "1.6": 0.07274875740272062,
      "2.0": 0.06781100017065782
    },
    "treble": {
      "0.0": 0.722347121287639,
      "0.1": 0.6541913050378616,
      "0.2": 0.5074264180493501,
      "0.3": 0.3719481021380781,
      "0.4": 0.2768105637575802,
      "0.5": 0.21513213105222206,
      "0.6": 0.17488951411941617,
      "0.8": 0.12883760094527225,
      "1.0": 0.10518761133355779,
      "1.3": 0.08707884128954071,
      "1.6": 0.07782166274597208,
      "2.0": 0.07119510418601423
    },
    "combined": {
      "0.0": 0.6603845482224082,
      "0.1": 0.5964925297117228,
      "0.2": 0.4596324591083252,
      "0.3": 0.3325918701200405,
      "0.4": 0.2429652087933909,
      "0.5": 0.18450511689100202,
      "0.6": 0.14656974726677208,
      "0.8": 0.10400328295633608,
      "1.0": 0.08269562698234577,
      "1.3": 0.06653726993368336,
      "1.6": 0.05836389707741273,
      "2.0": 0.052553550759218734
    }
  },
  "best_sigma": {
    "bass": {
      "sigma": 0.0,
      "stat_B": 0.6010410450230252,
      "target": 0.8320498857072621
    },
    "treble": {
      "sigma": 0.0,
      "stat_B": 0.722347121287639,
      "target": 0.8525195926981611
    },
    "combined": {
      "sigma": 0.0,
      "stat_B": 0.6603845482224082,
      "target": 0.8321704027078732
    }
  }
}