{
  "grain": 8,
  "n_corpus_sample": 300,
  "real_audio_stats": {
    "bass": {
      "aretha_chain_of_fools": 0.9209883839896245,
      "autumn_leaves": 0.800784115815767,
      "abba_chiquitita": 0.7743771573163951
    },
    "treble": {
      "aretha_chain_of_fools": 0.9274509537382961,
      "autumn_leaves": 0.8183692978514939,
      "abba_chiquitita": 0.8117385265046934
    },
    "combined": {
      "aretha_chain_of_fools": 0.9221799289284588,
      "autumn_leaves": 0.7991865897752475,
      "abba_chiquitita": 0.7751446894199133
    }
  },
  "real_target": {
    "bass": 0.8320498857072621,
    "treble": 0.8525195926981611,
    "combined": 0.8321704027078732
  },
  "sweep": {
    "bass": {
      "0.0": 0.6010410450230254,
      "0.1": 0.6371482517238731,
      "0.2": 0.6824482376827736,
      "0.3": 0.7366801745601433,
      "0.4": 0.7968355675454195,
      "0.5": 0.8572897740271429,
      "0.6": 0.9111981652589793,
      "0.7": 0.9531527158319173,
      "0.8": 0.981020387698475,
      "0.9": 0.9957588198965434
    },
    "treble": {
      "0.0": 0.7223471212876389,
      "0.1": 0.7585602211118068,
      "0.2": 0.7974249193365346,
      "0.3": 0.8377930843650956,
      "0.4": 0.877589431978082,
      "0.5": 0.9144079529033484,
      "0.6": 0.9459630733823534,
      "0.7": 0.9705956295610544,
      "0.8": 0.9875740921222156,
      "0.9": 0.9970883034210832
    },
    "combined": {
      "0.0": 0.6603845482224082,
      "0.1": 0.6965614123327063,
      "0.2": 0.7387822490996949,
      "0.3": 0.7862759162806303,
      "0.4": 0.8364679288887402,
      "0.5": 0.8853199460034256,
      "0.6": 0.9282486310808125,
      "0.7": 0.9616967767029645,
      "0.8": 0.9842237245300329,
      "0.9": 0.9964067810091605
    }
  },
  "best_alpha": {
    "bass": {
      "alpha": 0.5,
      "stat_B": 0.8572897740271429,
      "target": 0.8320498857072621,
      "gap": 0.025239888319880777
    },
    "treble": {
      "alpha": 0.3,
      "stat_B": 0.8377930843650956,
      "target": 0.8525195926981611,
      "gap": 0.014726508333065547
    },
    "combined": {
      "alpha": 0.4,
      "stat_B": 0.8364679288887402,
      "target": 0.8321704027078732,
      "gap": 0.004297526180866984
    }
  }
}