{
  "A_GTprev_all_transitions": {
    "hist": [
      889.0,
      582.0,
      2215.0,
      542.0,
      282.0,
      3319.0,
      93.0,
      1715.0,
      590.0,
      699.0,
      1378.0,
      800.0
    ],
    "frac": [
      0.06784188034188034,
      0.044413919413919416,
      0.16903235653235654,
      0.04136141636141636,
      0.02152014652014652,
      0.25328144078144077,
      0.007097069597069597,
      0.13087606837606838,
      0.045024420024420024,
      0.05334249084249084,
      0.10515873015873016,
      0.06105006105006105
    ],
    "chi2": 8644.880952380954,
    "pval": 0.0,
    "n": 13104,
    "frac_fifths": 0.3841575091575091,
    "frac_steps": 0.3796550671550672,
    "frac_thirds": 0.16124847374847376,
    "frac_unison": 0.06784188034188034,
    "top": [
      [
        5,
        "P4",
        0.25328144078144077
      ],
      [
        2,
        "M2",
        0.16903235653235654
      ],
      [
        7,
        "P5",
        0.13087606837606838
      ],
      [
        10,
        "m7",
        0.10515873015873016
      ]
    ]
  },
  "A_GTprev_CHANGES_only": {
    "hist": [
      0.0,
      582.0,
      2215.0,
      542.0,
      282.0,
      3319.0,
      93.0,
      1715.0,
      590.0,
      699.0,
      1378.0,
      800.0
    ],
    "frac": [
      0.0,
      0.04764633647155137,
      0.18133442488743348,
      0.044371674171101105,
      0.023086369218174377,
      0.27171510437986085,
      0.007613589848546869,
      0.14040114613180515,
      0.048301268931641425,
      0.0572247237003684,
      0.11281211625051167,
      0.06549324600900532
    ],
    "chi2": 10340.340483012693,
    "pval": 0.0,
    "n": 12215,
    "frac_fifths": 0.412116250511666,
    "frac_steps": 0.4072861236185018,
    "frac_thirds": 0.17298403602128531,
    "frac_unison": 0.0,
    "top": [
      [
        5,
        "P4",
        0.27171510437986085
      ],
      [
        2,
        "M2",
        0.18133442488743348
      ],
      [
        7,
        "P5",
        0.14040114613180515
      ],
      [
        10,
        "m7",
        0.11281211625051167
      ]
    ]
  },
  "A_GTnext_CHANGES_only": {
    "hist": [
      0.0,
      800.0,
      1378.0,
      699.0,
      590.0,
      1715.0,
      93.0,
      3319.0,
      282.0,
      542.0,
      2215.0,
      582.0
    ],
    "frac": [
      0.0,
      0.06549324600900532,
      0.11281211625051167,
      0.0572247237003684,
      0.048301268931641425,
      0.14040114613180515,
      0.007613589848546869,
      0.27171510437986085,
      0.023086369218174377,
      0.044371674171101105,
      0.18133442488743348,
      0.04764633647155137
    ],
    "chi2": 10340.340483012691,
    "pval": 0.0,
    "n": 12215,
    "frac_fifths": 0.412116250511666,
    "frac_steps": 0.4072861236185018,
    "frac_thirds": 0.17298403602128531,
    "frac_unison": 0.0,
    "top": [
      [
        7,
        "P5",
        0.27171510437986085
      ],
      [
        10,
        "m7",
        0.18133442488743348
      ],
      [
        5,
        "P4",
        0.14040114613180515
      ],
      [
        2,
        "M2",
        0.11281211625051167
      ]
    ]
  },
  "B_TEST_prev_GTneighbour_ALL": {
    "hist": [
      206.0,
      102.0,
      385.0,
      63.0,
      78.0,
      614.0,
      9.0,
      403.0,
      116.0,
      108.0,
      251.0,
      113.0
    ],
    "frac": [
      0.08415032679738563,
      0.041666666666666664,
      0.15727124183006536,
      0.025735294117647058,
      0.031862745098039214,
      0.2508169934640523,
      0.003676470588235294,
      0.16462418300653595,
      0.04738562091503268,
      0.04411764705882353,
      0.10253267973856209,
      0.04616013071895425
    ],
    "chi2": 1725.9901960784314,
    "pval": 0.0,
    "n": 2448,
    "frac_fifths": 0.4154411764705882,
    "frac_steps": 0.34763071895424835,
    "frac_thirds": 0.14910130718954248,
    "frac_unison": 0.08415032679738563,
    "top": [
      [
        5,
        "P4",
        0.2508169934640523
      ],
      [
        7,
        "P5",
        0.16462418300653595
      ],
      [
        2,
        "M2",
        0.15727124183006536
      ],
      [
        10,
        "m7",
        0.10253267973856209
      ]
    ]
  },
  "C_TEST_prev_PREDneighbour_ALL": {
    "hist": [
      233.0,
      73.0,
      324.0,
      104.0,
      101.0,
      547.0,
      16.0,
      398.0,
      126.0,
      183.0,
      259.0,
      84.0
    ],
    "frac": [
      0.0951797385620915,
      0.0298202614379085,
      0.1323529411764706,
      0.042483660130718956,
      0.04125816993464052,
      0.22344771241830066,
      0.006535947712418301,
      0.16258169934640523,
      0.051470588235294115,
      0.07475490196078431,
      0.10580065359477124,
      0.03431372549019608
    ],
    "chi2": 1311.7156862745098,
    "pval": 1.331466510610672e-274,
    "n": 2448,
    "frac_fifths": 0.3860294117647059,
    "frac_steps": 0.3022875816993464,
    "frac_thirds": 0.20996732026143794,
    "frac_unison": 0.0951797385620915,
    "top": [
      [
        5,
        "P4",
        0.22344771241830066
      ],
      [
        7,
        "P5",
        0.16258169934640523
      ],
      [
        2,
        "M2",
        0.1323529411764706
      ],
      [
        10,
        "m7",
        0.10580065359477124
      ]
    ]
  },
  "D_TEST_prev_GTneighbour_LOWCONF": {
    "hist": [
      55.0,
      26.0,
      116.0,
      5.0,
      17.0,
      129.0,
      4.0,
      120.0,
      24.0,
      21.0,
      60.0,
      37.0
    ],
    "frac": [
      0.08957654723127036,
      0.04234527687296417,
      0.18892508143322476,
      0.008143322475570033,
      0.02768729641693811,
      0.21009771986970685,
      0.006514657980456026,
      0.19543973941368079,
      0.03908794788273615,
      0.03420195439739414,
      0.09771986970684039,
      0.06026058631921824
    ],
    "chi2": 451.42019543973953,
    "pval": 7.180905338493298e-90,
    "n": 614,
    "frac_fifths": 0.40553745928338764,
    "frac_steps": 0.3892508143322475,
    "frac_thirds": 0.10912052117263844,
    "frac_unison": 0.08957654723127036,
    "top": [
      [
        5,
        "P4",
        0.21009771986970685
      ],
      [
        7,
        "P5",
        0.19543973941368079
      ],
      [
        2,
        "M2",
        0.18892508143322476
      ],
      [
        10,
        "m7",
        0.09771986970684039
      ]
    ]
  },
  "E_TEST_prev_PREDneighbour_LOWCONF": {
    "hist": [
      50.0,
      18.0,
      75.0,
      26.0,
      32.0,
      113.0,
      4.0,
      127.0,
      24.0,
      60.0,
      61.0,
      24.0
    ],
    "frac": [
      0.08143322475570032,
      0.029315960912052116,
      0.12214983713355049,
      0.04234527687296417,
      0.05211726384364821,
      0.18403908794788273,
      0.006514657980456026,
      0.20684039087947884,
      0.03908794788273615,
      0.09771986970684039,
      0.0993485342019544,
      0.03908794788273615
    ],
    "chi2": 315.04234527687305,
    "pval": 5.903335177974134e-61,
    "n": 614,
    "frac_fifths": 0.39087947882736157,
    "frac_steps": 0.2899022801302932,
    "frac_thirds": 0.23127035830618892,
    "frac_unison": 0.08143322475570032,
    "top": [
      [
        7,
        "P5",
        0.20684039087947884
      ],
      [
        5,
        "P4",
        0.18403908794788273
      ],
      [
        2,
        "M2",
        0.12214983713355049
      ],
      [
        10,
        "m7",
        0.0993485342019544
      ]
    ]
  },
  "F_TEST_next_GTneighbour_LOWCONF": {
    "hist": [
      71.0,
      38.0,
      69.0,
      15.0,
      27.0,
      94.0,
      3.0,
      154.0,
      8.0,
      12.0,
      98.0,
      21.0
    ],