{
  "summary": {
    "n_te": [
      2468.0,
      0.0
    ],
    "n_lc": [
      617.0,
      0.0
    ],
    "s0_all": [
      0.6636952998379254,
      0.0
    ],
    "s0_lc": [
      0.4165316045380875,
      0.0
    ],
    "s1_all_l0.25": [
      0.6653160453808752,
      0.0
    ],
    "s1_lc_l0.25": [
      0.42301458670988656,
      0.0
    ],
    "s1_all_l0.5": [
      0.6661264181523501,
      0.0
    ],
    "s1_lc_l0.5": [
      0.42301458670988656,
      0.0
    ],
    "s1_all_l1.0": [
      0.6681523500810372,
      0.0
    ],
    "s1_lc_l1.0": [
      0.44570502431118314,
      0.0
    ],
    "s2_all_g0.25": [
      0.6685575364667747,
      0.0
    ],
    "s2_lc_g0.25": [
      0.4359805510534846,
      0.0
    ],
    "s2_all_g0.5": [
      0.6636952998379254,
      0.0
    ],
    "s2_lc_g0.5": [
      0.43111831442463533,
      0.0
    ],
    "s2_all_g1.0": [
      0.6324959481361426,
      0.0
    ],
    "s2_lc_g1.0": [
      0.4051863857374392,
      0.0
    ],
    "s2_all_g1.5": [
      0.589546191247974,
      0.0
    ],
    "s2_lc_g1.5": [
      0.37763371150729336,
      0.0
    ],
    "s2_all_g2.0": [
      0.5457860615883307,
      0.0
    ],
    "s2_lc_g2.0": [
      0.3760129659643436,
      0.0
    ]
  },
  "runs": [
    {
      "n_te": 2468,
      "n_lc": 617,
      "s0_all": 0.6636952998379254,
      "s0_lc": 0.4165316045380875,
      "s1_all_l0.25": 0.6653160453808752,
      "s1_lc_l0.25": 0.42301458670988656,
      "s1_all_l0.5": 0.6661264181523501,
      "s1_lc_l0.5": 0.42301458670988656,
      "s1_all_l1.0": 0.6681523500810372,
      "s1_lc_l1.0": 0.44570502431118314,
      "s2_all_g0.25": 0.6685575364667747,
      "s2_lc_g0.25": 0.4359805510534846,
      "s2_all_g0.5": 0.6636952998379254,
      "s2_lc_g0.5": 0.43111831442463533,
      "s2_all_g1.0": 0.6324959481361426,
      "s2_lc_g1.0": 0.4051863857374392,
      "s2_all_g1.5": 0.589546191247974,
      "s2_lc_g1.5": 0.37763371150729336,
      "s2_all_g2.0": 0.5457860615883307,
      "s2_lc_g2.0": 0.3760129659643436
    }
  ],
  "gammas": [
    0.25,
    0.5,
    1.0,
    1.5,
    2.0
  ],
  "lams": [
    0.25,
    0.5,
    1.0
  ],
  "seeds": 1
}