{
  "summary": {
    "n_te": [
      2590.8,
      102.16339853391722
    ],
    "n_lc": [
      648.0,
      25.60468707092512
    ],
    "s0_all": [
      0.6405294430606189,
      0.015092661942713966
    ],
    "s0_lc": [
      0.4180388330776834,
      0.015034626803909061
    ],
    "s1_all_l0.25": [
      0.6435226134428806,
      0.01503452277348295
    ],
    "s1_lc_l0.25": [
      0.4300057433370658,
      0.017535802461054826
    ],
    "s1_all_l0.5": [
      0.6435285878505034,
      0.015463674440217845
    ],
    "s1_lc_l0.5": [
      0.4315667012062622,
      0.02282840386643346
    ],
    "s1_all_l1.0": [
      0.6458245080272474,
      0.014618304745190746
    ],
    "s1_lc_l1.0": [
      0.43398127814953524,
      0.014223006313091348
    ],
    "s2_all_g0.25": [
      0.6454484540976946,
      0.014370217591358916
    ],
    "s2_lc_g0.25": [
      0.4374580542815546,
      0.019720808557732516
    ],
    "s2_all_g0.5": [
      0.6444625147372651,
      0.011745159917648542
    ],
    "s2_lc_g0.5": [
      0.43686858681448915,
      0.019099395604770177
    ],
    "s2_all_g1.0": [
      0.6228107118327821,
      0.010250975021615684
    ],
    "s2_lc_g1.0": [
      0.41621325004140053,
      0.018086867228775363
    ],
    "s2_all_g1.5": [
      0.5814850644005252,
      0.008567873111502644
    ],
    "s2_lc_g1.5": [
      0.3903369023284525,
      0.024562825629341173
    ],
    "s2_all_g2.0": [
      0.5419422378161045,
      0.008812620516804256
    ],
    "s2_lc_g2.0": [
      0.363235206790919,
      0.02247635923974977
    ]
  },
  "runs": [
    {
      "n_te": 2468,
      "n_lc": 617,
      "s0_all": 0.6641004862236629,
      "s0_lc": 0.40842787682333875,
      "s1_all_l0.25": 0.6677471636952999,
      "s1_lc_l0.25": 0.42301458670988656,
      "s1_all_l0.5": 0.6677471636952999,
      "s1_lc_l0.5": 0.42625607779578606,
      "s1_all_l1.0": 0.6693679092382496,
      "s1_lc_l1.0": 0.4343598055105348,
      "s2_all_g0.25": 0.6713938411669368,
      "s2_lc_g0.25": 0.44246353322528365,
      "s2_all_g0.5": 0.6649108589951378,
      "s2_lc_g0.5": 0.42949756888168555,
      "s2_all_g1.0": 0.6393841166936791,
      "s2_lc_g1.0": 0.406807131280389,
      "s2_all_g1.5": 0.5964343598055105,
      "s2_lc_g1.5": 0.4035656401944895,
      "s2_all_g2.0": 0.5518638573743923,
      "s2_lc_g2.0": 0.3711507293354943
    },
    {
      "n_te": 2739,
      "n_lc": 685,
      "s0_all": 0.6221248630887185,
      "s0_lc": 0.4131386861313869,
      "s1_all_l0.25": 0.6257758305951077,
      "s1_lc_l0.25": 0.42773722627737226,
      "s1_all_l0.5": 0.6272362175976633,
      "s1_lc_l0.5": 0.43503649635036495,
      "s1_all_l1.0": 0.628696604600219,
      "s1_lc_l1.0": 0.43503649635036495,
      "s2_all_g0.25": 0.6349032493610807,
      "s2_lc_g0.25": 0.46131386861313867,
      "s2_all_g0.5": 0.6327126688572472,
      "s2_lc_g0.5": 0.46131386861313867,
      "s2_all_g1.0": 0.6192040890836071,
      "s2_lc_g1.0": 0.4364963503649635,
      "s2_all_g1.5": 0.574662285505659,
      "s2_lc_g1.5": 0.4029197080291971,
      "s2_all_g2.0": 0.5282949981745162,
      "s2_lc_g2.0": 0.3722627737226277
    },
    {
      "n_te": 2559,
      "n_lc": 640,
      "s0_all": 0.6393122313403673,
      "s0_lc": 0.40625,
      "s1_all_l0.25": 0.6393122313403673,
      "s1_lc_l0.25": 0.40625,
      "s1_all_l0.5": 0.6373583431027745,
      "s1_lc_l0.5": 0.3984375,
      "s1_all_l1.0": 0.6420476748729973,
      "s1_lc_l1.0": 0.409375,
      "s2_all_g0.25": 0.6397030089878859,
      "s2_lc_g0.25": 0.403125,
      "s2_all_g0.5": 0.640484564282923,
      "s2_lc_g0.5": 0.4046875,
      "s2_all_g1.0": 0.6088315748339195,
      "s2_lc_g1.0": 0.3859375,
      "s2_all_g1.5": 0.5717076983196561,
      "s2_lc_g1.5": 0.35,
      "s2_all_g2.0": 0.5353653771004299,
      "s2_lc_g2.0": 0.3234375
    },
    {
      "n_te": 2510,
      "n_lc": 628,
      "s0_all": 0.649402390438247,
      "s0_lc": 0.44745222929936307,
      "s1_all_l0.25": 0.6525896414342629,
      "s1_lc_l0.25": 0.4601910828025478,
      "s1_all_l0.5": 0.6549800796812749,
      "s1_lc_l0.5": 0.4697452229299363,
      "s1_all_l1.0": 0.6545816733067729,
      "s1_lc_l1.0": 0.4538216560509554,
      "s2_all_g0.25": 0.649800796812749,
      "s2_lc_g0.25": 0.44904458598726116,
      "s2_all_g0.5": 0.649402390438247,
      "s2_lc_g0.5": 0.4410828025477707,
      "s2_all_g1.0": 0.6278884462151394,
      "s2_lc_g1.0": 0.42197452229299365,
      "s2_all_g1.5": 0.5824701195219123,
      "s2_lc_g1.5": 0.37579617834394907,
      "s2_all_g2.0": 0.5490039840637451,
      "s2_lc_g2.0": 0.35828025477707004
    },
    {
      "n_te": 2678,
      "n_lc": 670,
      "s0_all": 0.6277072442120986,
      "s0_lc": 0.41492537313432837,
      "s1_all_l0.25": 0.6321882001493652,
      "s1_lc_l0.25": 0.43283582089552236,
      "s1_all_l0.5": 0.6303211351755041,
      "s1_lc_l0.5": 0.42835820895522386,
      "s1_all_l1.0": 0.6344286781179985,
      "s1_lc_l1.0": 0.4373134328358209,
      "s2_all_g0.25": 0.6314413741598207,
      "s2_lc_g0.25": 0.43134328358208956,
      "s2_all_g0.5": 0.6348020911127707,
      "s2_lc_g0.5": 0.44776119402985076,
      "s2_all_g1.0": 0.6187453323375653,
      "s2_lc_g1.0": 0.4298507462686567,
      "s2_all_g1.5": 0.5821508588498879,
      "s2_lc_g1.5": 0.41940298507462687,
      "s2_all_g2.0": 0.5451829723674384,
      "s2_lc_g2.0": 0.39104477611940297
    }
  ],
  "gammas": [
    0.25,
    0.5,
    1.0,
    1.5,
    2.0
  ],
  "lams": [
    0.25,
    0.5,
    1.0
  ],
  "seeds": 5
}