{
  "seeds": 2,
  "n_rows": 13204,
  "n_songs": 100,
  "per_seed": [
    {
      "root_nnls": 0.8132090761750406,
      "root_bp48": 0.6434359805510534,
      "qual_nnls_rot": 0.6909388022542154,
      "dom_nnls_rot": 0.5955882352941176,
      "qual_nnls_full": 0.5143763209533817,
      "dom_nnls_full": 0.6397058823529411,
      "qual_nnls_cascade": 0.31515578107742165,
      "dom_nnls_cascade": 0.39705882352941174,
      "qual_bp48": 0.4222457740641675,
      "dom_bp48": 0.4264705882352941
    },
    {
      "root_nnls": 0.7769258853596203,
      "root_bp48": 0.6067907995618839,
      "qual_nnls_rot": 0.8166439739128025,
      "dom_nnls_rot": 0.7375886524822695,
      "qual_nnls_full": 0.7207712221756514,
      "dom_nnls_full": 0.6524822695035462,
      "qual_nnls_cascade": 0.5861492521937013,
      "dom_nnls_cascade": 0.5106382978723404,
      "qual_bp48": 0.6579514243469512,
      "dom_bp48": 0.5035460992907801
    }
  ],
  "summary": {
    "root_nnls": [
      0.7950674807673304,
      0.018141595407710154
    ],
    "root_bp48": [
      0.6251133900564687,
      0.01832259049458479
    ],
    "qual_nnls_full": [
      0.6175737715645165,
      0.10319745061113483
    ],
    "qual_nnls_rot": [
      0.753791388083509,
      0.06285258582929354
    ],
    "qual_nnls_cascade": [
      0.4506525166355615,
      0.13549673555813982
    ],
    "qual_bp48": [
      0.5400985992055594,
      0.11785282514139184
    ],
    "dom_nnls_full": [
      0.6460940759282436,
      0.006388193575302514
    ],
    "dom_bp48": [
      0.4650083437630371,
      0.038537755527742995
    ]
  }
}