{
  "symbolic": {
    "spans": [
      [
        0,
        8
      ],
      [
        8,
        16
      ],
      [
        16,
        24
      ],
      [
        24,
        31
      ]
    ],
    "block0": [
      0,
      8
    ],
    "block1": [
      8,
      16
    ],
    "L": 8,
    "sim_bass": 0.8749999999999998,
    "sim_treble": 0.8749999999999998,
    "sim_avg": 0.8749999999999998
  },
  "audio": {
    "n_bars": 330,
    "block0": [
      0,
      8
    ],
    "block1": [
      8,
      16
    ],
    "L": 8,
    "bt_concat": 0.7894075210492151,
    "bass_only": 0.750947542745672,
    "treble_only": 0.8278674993527577
  }
}