{
  "n_corpus": 1989,
  "n_val": 397,
  "n_test": 1592,
  "vmeasure_optimal": {
    "tau": 0.78,
    "test_VF": 0.6815039940761201
  },
  "low_fp_gated": {
    "tau": 0.9727847930107532,
    "test_VF": 0.6378866875009402
  },
  "fpr010_fresh_check": {
    "tau": 0.8347206150131894,
    "test_VF": 0.6813664717969529
  }
}