{
  "A_synth_only": [
    0.40235008103727715,
    0.4687842278203724,
    0.37710042985541226
  ],
  "B_real_only": [
    0.6288492706645057,
    0.7068273092369478,
    0.6193825713169206
  ],
  "C_augment": [
    0.6195299837925445,
    0.6889375684556407,
    0.6107854630715123
  ],
  "A_bal": [
    0.4877896779652396,
    0.33321528439680637,
    0.3848388844966228
  ],
  "B_bal": [
    0.43853523322528315,
    0.578599835539294,
    0.43071819661179156
  ],
  "C_bal": [
    0.4314371513218452,
    0.6354435465833181,
    0.515712926638645
  ]
}