{
  "A_synth_only": [
    0.553484602917342,
    0.5447243519532676,
    0.4927706135209066
  ],
  "B_real_only": [
    0.6491085899513777,
    0.6210295728368017,
    0.6150840171942165
  ],
  "C_augment": [
    0.6592382495948136,
    0.6202993793355239,
    0.6150840171942165
  ],
  "A_bal": [
    0.5259538473891185,
    0.5358997600897955,
    0.48216386510344506
  ],
  "B_bal": [
    0.6376362255748501,
    0.6289662970355772,
    0.6197433797314743
  ],
  "C_bal": [
    0.6443543851191178,
    0.6270744459533834,
    0.6172027942347983
  ]
}